Prompt,Base,FineTuned
Write a Python function to reverse a linked list.,"system
You are Qwen, created by Alibaba Cloud. You are a helpful assistant.
user
Write a Python function to reverse a linked list.
assistant
Certainly! Reversing a linked list is a common task in data structures and algorithms. Below is a Python function that reverses a singly linked list:

```python
class ListNode:
    def __init__(self, val=0, next=None):
        self.val = val
        self.next = next

def reverse_linked_list(head):
    """"""
    Reverses a singly linked list.

    :param head: The head node of the linked list.
    :return: The new head of the reversed linked list.
    """"""
    prev_node = None
    current_node = head
    while current_node:
        # Store the next node
        next_node = current_node.next
        # Reverse the current node's pointer
        current_node.next = prev_node
        # Move pointers forward
        prev_node = current_node
        current_node = next_node
    return prev_node

# Helper function to print the linked list
def print_linked_list(node):
    while node:
        print(node.val, end="" -> "" if node.next else ""\n"")
        node = node.next

# Example usage:
if __name__ == ""__main__"":
    # Creating a sample linked list: 1 -> 2 -> 3 -> 4 -> 5
    head = ListNode(1)
    head.next = ListNode(2)
    head.next.next = ListNode(3)
    head.next.next.next = ListNode(4)
    head.next.next.next.next = ListNode","system
You are Qwen, created by Alibaba Cloud. You are a helpful assistant.
user
Write a Python function to reverse a linked list.
assistant
def reverse_linked_list(head):
    prev = None
    current = head
    while current:
        next_node = current.next
        current.next = prev
        prev = current
        current = next_node
    return prev
"
Implement merge sort.,"system
You are Qwen, created by Alibaba Cloud. You are a helpful assistant.
user
Implement merge sort.
assistant
Certainly! Merge sort is a divide-and-conquer algorithm that divides the input array into two halves, calls itself for the two halves, and then merges the two sorted halves. Here's how you can implement the merge sort algorithm in Python:

```python
def merge_sort(arr):
    if len(arr) > 1:
        # Finding the mid of the array
        mid = len(arr) // 2

        # Dividing the array elements into 2 halves
        left_half = arr[:mid]
        right_half = arr[mid:]

        # Sorting the first half
        merge_sort(left_half)

        # Sorting the second half
        merge_sort(right_half)

        i = j = k = 0

        # Copy data to temp arrays left_half[] and right_half[]
        while i < len(left_half) and j < len(right_half):
            if left_half[i] < right_half[j]:
                arr[k] = left_half[i]
                i += 1
            else:
                arr[k] = right_half[j]
                j += 1
            k += 1

        # Checking if any element was left
        while i < len(left_half):
            arr[k] = left_half[i]
            i += 1
            k += 1

        while j < len(right_half):
            arr[k] = right_half[j]
            j += 1
            k += 1

# Example usage:
if __name","system
You are Qwen, created by Alibaba Cloud. You are a helpful assistant.
user
Implement merge sort.
assistant
def merge_sort(arr):
    if len(arr) <= 1:
        return arr

    mid = len(arr) // 2
    left = arr[:mid]
    right = arr[mid:]

    left = merge_sort(left)
    right = merge_sort(right)

    return merge(left, right)


def merge(left, right):
    result = []
    i = j = 0

    while i < len(left) and j < len(right):
        if left[i] < right[j]:
            result.append(left[i])
            i += 1
        else:
            result.append(right[j])
            j += 1

    result.extend(left[i:])
    result.extend(right[j:])

    return result
"
Explain decorators with an example.,"system
You are Qwen, created by Alibaba Cloud. You are a helpful assistant.
user
Explain decorators with an example.
assistant
Decorators in Python are a powerful feature that allow you to modify or enhance the behavior of functions or methods without permanently changing their code. They are essentially first-class objects in Python, which means they can be assigned to variables, passed as arguments to other functions, and returned from other functions.

### How Decorators Work

A decorator is defined as a function that takes another function and extends the behavior of the latter function without explicitly modifying it. The syntax for defining a decorator involves using the `@decorator_name` syntax above the function definition.

Here's a simple example to illustrate how decorators work:

1. **Define a Function**: Let's start with a simple function that prints ""Hello"" before executing the main function.
2. **Create a Decorator**: Define a decorator that will wrap around the original function.
3. **Apply the Decorator**: Use the decorator on the original function.

### Example: Logging Function Calls

Let's create a decorator that logs the execution of a function along with its parameters.

```python
def log_function_call(func):
    def wrapper(*args, **kwargs):
        print(f""Calling {func.__name__} with args={args} and kwargs={kwargs}"")
        result = func(*args, **kwargs)
        print(f""{func.__name__} returned {result}"")
        return result
    return wrapper

# Apply the decorator to a function
@log_function_call
def add(a, b):
    return a + b

#","system
You are Qwen, created by Alibaba Cloud. You are a helpful assistant.
user
Explain decorators with an example.
assistant
Decorators are a way to modify the behavior of functions or methods in Python. They allow you to wrap another function in order to extend the behavior of the wrapped function, without permanently modifying it.

Here's an example:

def my_decorator(func):
    def wrapper():
        print(""Something is happening before the function is called."")
        func()
        print(""Something is happening after the function is called."")
    return wrapper

@my_decorator
def say_hello():
    print(""Hello!"")

say_hello()

# Output:
# Something is happening before the function is called.
# Hello!
# Something is happening after the function is called.

In this example, we define a decorator function `my_decorator` that takes a function `func` as an argument and returns a new function `wrapper`. The `wrapper` function prints some text before and after calling the original function `func`.

We then use the `@my_decorator` syntax to apply the decorator to the `say_hello` function. This is equivalent to writing `say_hello = my_decorator(say_hello)`.

When we call `say_hello()`, the `wrapper` function is executed instead of the original `say_hello` function."
Write a FastAPI CRUD API.,"system
You are Qwen, created by Alibaba Cloud. You are a helpful assistant.
user
Write a FastAPI CRUD API.
assistant
Certainly! Below is an example of a simple FastAPI application that provides CRUD (Create, Read, Update, Delete) operations for a fictional ""Product"" model. This example assumes you have FastAPI and Pydantic installed in your Python environment.

First, make sure you have the necessary dependencies:

```bash
pip install fastapi uvicorn pydantic
```

Now, let's create the FastAPI application with a Product model and CRUD endpoints.

### 1. Define the Product Model

We'll start by defining a `Product` model using Pydantic.

```python
from pydantic import BaseModel, Field
from typing import Optional

class Product(BaseModel):
    id: Optional[int] = None
    name: str = Field(max_length=100)
    description: str = Field(max_length=255)
    price: float = Field(gt=0)

    class Config:
        orm_mode = True
```

### 2. Create the FastAPI Application

Next, we'll create the FastAPI application and define the routes for CRUD operations.

```python
from fastapi import FastAPI, HTTPException, Depends, status
from sqlalchemy.orm import Session
from typing import List
import models
import schemas
from database import SessionLocal, engine

models.Base.metadata.create_all(bind=engine)

app = FastAPI()

# Dependency to get the database session
def get_db():
    db = SessionLocal()
    try:
       ","system
You are Qwen, created by Alibaba Cloud. You are a helpful assistant.
user
Write a FastAPI CRUD API.
assistant
from fastapi import FastAPI, HTTPException
from pydantic import BaseModel

app = FastAPI()

class Item(BaseModel):
    name: str
    description: str | None = None
    price: float
    tax: float | None = None

items = {
    1: {""name"": ""item1"", ""description"": ""This is an item"", ""price"": 100, ""tax"": 20},
    2: {""name"": ""item2"", ""description"": ""This is another item"", ""price"": 200, ""tax"": 40}
}

@app.get(""/items/{item_id}"", response_model=Item)
async def read_item(item_id: int):
    if item_id not in items:
        raise HTTPException(status_code=404, detail=""Item not found"")
    return items[item_id]

@app.post(""/items/"", response_model=Item)
async def create_item(item: Item):
    if item.name in items:
        raise HTTPException(status_code=400, detail=""Item already exists"")
    items[len(items) + 1] = item.dict()
    return items[len(items)]

@app.put(""/items/{item_id}"", response_model=Item)
async def update_item(item_id: int, item: Item):
    if item_id not in items:
        raise HTTPException(status_code=404, detail=""Item not found"")
    items[item_id] ="
Explain Python generators.,"system
You are Qwen, created by Alibaba Cloud. You are a helpful assistant.
user
Explain Python generators.
assistant
Certainly! Python generators are a powerful and efficient way to create iterators. They allow you to define functions that return a sequence of values without producing the entire list in memory at once. Instead, they generate each value on-the-fly when it's needed.

### Key Features of Generators

1. **Lazy Evaluation**: Generators evaluate expressions only as much as necessary. This means that if you iterate over a generator, it will not compute all values upfront; instead, it computes each value as you request it.

2. **Memory Efficiency**: Since generators do not store all values in memory, they can handle large sequences or infinite sequences more efficiently than lists or other data structures.

3. **Simplicity**: Writing generator code is often simpler and more intuitive compared to using traditional loops or list comprehensions.

### How Generators Work

Generators are implemented using the `yield` keyword. When a generator function is called, it behaves like a regular function but does not execute immediately. Instead, it returns a generator object. The first time you call the `next()` method on this generator object, it executes until it encounters a `yield` statement, then pauses and stores its state. Subsequent calls to `next()` resume execution from where it left off, yielding the next value.

Here’s an example to illustrate how generators work:

```python
def count_up_to(max):
    count = 1
    while count <= max:
        yield count
        count += 1

#","system
You are Qwen, created by Alibaba Cloud. You are a helpful assistant.
user
Explain Python generators.
assistant
Python generators are a type of iterable object that allows you to create a sequence of values on-the-fly without having to store all the values in memory at once. They are defined using the `yield` keyword instead of returning a value with the `return` statement.

Generators are useful when you want to process large amounts of data without loading everything into memory at once. Instead, they generate each value one at a time as needed, which can be more efficient and save memory.

Here's an example of a generator function:

```
def my_generator():
    for i in range(10):
        yield i
```

This function generates numbers from 0 to 9, one at a time. To use this generator, you can iterate over it like this:

```
for num in my_generator():
    print(num)
```

Output:
```
0
1
2
3
4
5
6
7
8
9
```

In this example, the `my_generator()` function is a generator because it uses the `yield` keyword to return values one at a time. When you iterate over the generator, it calls the `next()` function behind the scenes to get the next value in the sequence.

Generators can also be used to implement lazy evaluation, where you only compute the values you need when you need them. This can be useful when working with large datasets or complex calculations.

Overall, generators are a powerful tool in Python for creating efficient and"
Implement binary search.,"system
You are Qwen, created by Alibaba Cloud. You are a helpful assistant.
user
Implement binary search.
assistant
Certainly! Binary search is an efficient algorithm for finding an item from a sorted list of items. It works by repeatedly dividing in half the portion of the list that could contain the item, until you've narrowed down the possible locations to just one.

Here's how you can implement binary search in Python:

```python
def binary_search(arr, target):
    """"""
    Perform binary search on a sorted array `arr` to find the index of `target`.
    
    :param arr: Sorted list of elements.
    :param target: The element to search for.
    :return: Index of `target` if found, otherwise -1.
    """"""
    left, right = 0, len(arr) - 1
    
    while left <= right:
        mid = (left + right) // 2
        
        # Check if target is present at mid
        if arr[mid] == target:
            return mid
        
        # If target greater, ignore left half
        elif arr[mid] < target:
            left = mid + 1
        
        # If target is smaller, ignore right half
        else:
            right = mid - 1
    
    # Target not found
    return -1

# Example usage:
sorted_array = [1, 3, 5, 7, 9, 11, 13, 15, 17, 19]
target_value = 7

result = binary_search(sorted_array,","system
You are Qwen, created by Alibaba Cloud. You are a helpful assistant.
user
Implement binary search.
assistant
def binary_search(arr, target):
    low = 0
    high = len(arr) - 1

    while low <= high:
        mid = (low + high) // 2
        if arr[mid] == target:
            return mid
        elif arr[mid] < target:
            low = mid + 1
        else:
            high = mid - 1

    return -1
"
Write a stack using classes.,"system
You are Qwen, created by Alibaba Cloud. You are a helpful assistant.
user
Write a stack using classes.
assistant
Certainly! Below is an example of how you can implement a simple stack using Python classes. This implementation includes basic stack operations such as `push`, `pop`, and `peek`.

```python
class Stack:
    def __init__(self):
        # Initialize an empty list to act as the stack
        self.items = []

    def is_empty(self):
        # Check if the stack is empty
        return len(self.items) == 0

    def push(self, item):
        # Add an item to the top of the stack
        self.items.append(item)

    def pop(self):
        # Remove and return the top item from the stack
        if not self.is_empty():
            return self.items.pop()
        else:
            raise IndexError(""pop from an empty stack"")

    def peek(self):
        # Return the top item from the stack without removing it
        if not self.is_empty():
            return self.items[-1]
        else:
            raise IndexError(""peek from an empty stack"")

    def size(self):
        # Return the number of items in the stack
        return len(self.items)

# Example usage:
if __name__ == ""__main__"":
    s = Stack()

    print(""Is the stack empty?"", s.is_empty())  # True

    s.push(1)
    s.push(2)
    s.push(3)

    print(""Stack size:"", s.size())  # 3

    print(""Peek:"", s.peek())","system
You are Qwen, created by Alibaba Cloud. You are a helpful assistant.
user
Write a stack using classes.
assistant
class Stack:
    def __init__(self):
        self.items = []

    def is_empty(self):
        return self.items == []

    def push(self, item):
        self.items.append(item)

    def pop(self):
        return self.items.pop()

    def peek(self):
        return self.items[len(self.items)-1]

    def size(self):
        return len(self.items)
"
Detect cycle in linked list.,"system
You are Qwen, created by Alibaba Cloud. You are a helpful assistant.
user
Detect cycle in linked list.
assistant
To detect a cycle in a linked list, we can use Floyd's Tortoise and Hare algorithm, also known as the ""tortoise-and-hare"" algorithm. This algorithm uses two pointers moving at different speeds to detect cycles efficiently.

Here's a step-by-step explanation of how it works:

1. **Initialization**: 
   - Initialize two pointers, `slow` and `fast`. Both start at the head of the linked list.
   
2. **Traversal**:
   - Move `slow` one step at a time.
   - Move `fast` two steps at a time.
   
3. **Cycle Detection**:
   - If there is a cycle, eventually `fast` will catch up with `slow`.
   - If there is no cycle, `fast` will reach the end of the list (null).

4. **Cycle Identification**:
   - Once `fast` catches up with `slow`, both pointers are inside the cycle.
   - Reset `slow` back to the head of the list.
   - Move both `slow` and `fast` one step at a time until they meet again. The point where they meet is inside the cycle.

Here's the Python implementation for this algorithm:

```python
class ListNode:
    def __init__(self, val=0, next=None):
        self.val = val
        self.next = next

def hasCycle(head: ListNode) -> bool:
    if not head or not head.next:
","system
You are Qwen, created by Alibaba Cloud. You are a helpful assistant.
user
Detect cycle in linked list.
assistant
def detect_cycle(head):
    slow = head
    fast = head

    while fast and fast.next:
        slow = slow.next
        fast = fast.next.next

        if slow == fast:
            return True

    return False"
Explain async programming.,"system
You are Qwen, created by Alibaba Cloud. You are a helpful assistant.
user
Explain async programming.
assistant
Async programming is a technique used in software development to handle operations that take time to complete, such as network requests, file I/O, or database queries, without blocking the main thread of execution. This allows applications to remain responsive and perform other tasks while waiting for these operations to finish.

### Key Concepts

1. **Asynchronous Operations**: These are operations that can be performed concurrently with other operations. They do not block the execution of the program.

2. **Callbacks**: A callback function is called when an asynchronous operation completes. It is passed as an argument to the asynchronous function and is executed once the operation is done.

3. **Promises**: Promises are objects that represent the eventual completion (or failure) of an asynchronous operation and its resulting value. They allow you to write code that is more readable and easier to manage than using callbacks.

4. **Async/Await**: Async/await is a syntactic sugar over promises. It makes asynchronous code look synchronous, which is easier to read and understand.

### How Async Programming Works

#### 1. Callbacks

```javascript
function fetchData(callback) {
    setTimeout(() => {
        const data = ""Data from server"";
        callback(data);
    }, 1000);
}

fetchData((data) => {
    console.log(data); // Data from server
});
```

In this example, `fetchData` is an asynchronous function that simulates fetching data from a server. The `callback` function is called","system
You are Qwen, created by Alibaba Cloud. You are a helpful assistant.
user
Explain async programming.
assistant
Async programming is a programming paradigm that allows for the execution of multiple tasks concurrently without blocking the main thread of execution. It enables developers to write code that can handle multiple requests or operations simultaneously, improving the performance and responsiveness of applications.

In traditional synchronous programming, each operation must complete before the next one can begin. This can lead to long wait times and poor user experience when dealing with time-consuming operations like database queries or file I/O. Async programming allows for non-blocking operations, where the program can continue executing other tasks while waiting for an operation to complete.

Async programming uses callbacks, promises, or async/await syntax to handle asynchronous operations. Callbacks are functions passed as arguments to another function, which are executed once the asynchronous operation completes. Promises provide a more structured way to handle asynchronous operations, allowing for chaining of operations and error handling. Async/await syntax simplifies the use of promises and makes it easier to write asynchronous code in a synchronous style.

Overall, async programming is a powerful tool for building scalable and responsive applications, especially those that involve time-consuming operations or require handling multiple requests simultaneously."
Implement BFS traversal.,"system
You are Qwen, created by Alibaba Cloud. You are a helpful assistant.
user
Implement BFS traversal.
assistant
Certainly! Breadth-First Search (BFS) is an algorithm for traversing or searching tree or graph data structures. It starts at the tree root (or some arbitrary node of a graph, sometimes referred to as a 'search key'), and explores all the neighbor nodes at the present depth prior to moving on to the nodes at the next depth level.

Here's how you can implement BFS in Python:

```python
from collections import deque

def bfs(graph, start):
    # Initialize the queue with the starting node
    queue = deque([start])
    # Keep track of visited nodes to avoid cycles
    visited = set()
    
    while queue:
        # Dequeue a vertex from the queue
        vertex = queue.popleft()
        # If it has not been visited
        if vertex not in visited:
            print(f""Visiting {vertex}"")
            visited.add(vertex)
            
            # Enqueue all adjacent vertices that have not been visited
            for neighbor in graph[vertex]:
                if neighbor not in visited:
                    queue.append(neighbor)

# Example usage:
if __name__ == ""__main__"":
    # Define the graph using adjacency list representation
    graph = {
        'A': ['B', 'C'],
        'B': ['A', 'D', 'E'],
        'C': ['A', 'F'],
        'D': ['B'],
        'E': ['B', 'F'],
        'F': ['C', 'E","system
You are Qwen, created by Alibaba Cloud. You are a helpful assistant.
user
Implement BFS traversal.
assistant
def bfs_traversal(graph, start):
    visited = set()
    queue = [start]
    
    while queue:
        node = queue.pop(0)
        if node not in visited:
            visited.add(node)
            for neighbor in graph[node]:
                queue.append(neighbor)
                
    return visited
"
